

INSERT INTO ARTICLES (Id, title, category, author, summary, createdBy, createdByGroup, createdDate, lastModifiedBy, lastModifiedDate, version) 
VALUES (1, 'Java Concurrency', 'Java', 'John', 'Sample article summary text bla bla bla ....', 2, 1, CURRENT_TIMESTAMP(), NULL, CURRENT_TIMESTAMP(), 0);

INSERT INTO ARTICLES (Id, title, category, author, summary, createdBy, createdByGroup, createdDate, lastModifiedBy, lastModifiedDate, version) 
VALUES (2, 'Java Concurrency', 'Java', 'Test', 'Sample article summary text bla bla bla ....', 2, 1,  CURRENT_TIMESTAMP(), NULL, CURRENT_TIMESTAMP(), 0);

INSERT INTO ARTICLES (Id, title, category, author, summary, createdBy, createdByGroup, createdDate, lastModifiedBy, lastModifiedDate, version) 
VALUES (3, 'Java Concurrency', 'Java', 'Mar', 'Sample article summary text bla bla bla ....', 2, 5, CURRENT_TIMESTAMP(), NULL, CURRENT_TIMESTAMP(), 0);

INSERT INTO ARTICLES (Id, title, category, author, summary, createdBy, createdByGroup, createdDate, lastModifiedBy, lastModifiedDate, version) 
VALUES (4, 'Java Concurrency', 'Java', NULL, 'Sample article summary text bla bla bla ....', 3, 3, CURRENT_TIMESTAMP(), NULL, CURRENT_TIMESTAMP(), 0);

INSERT INTO ARTICLES (Id, title, category, author, summary, createdBy, createdByGroup, createdDate, lastModifiedBy, lastModifiedDate, version) 
VALUES (5, 'Java Concurrency', 'Java', NULL, 'Sample article summary text bla bla bla ....', 3, 1, CURRENT_TIMESTAMP(), NULL, CURRENT_TIMESTAMP(), 0);

INSERT INTO ARTICLES (Id, title, category, author, summary, createdBy, createdByGroup, createdDate, lastModifiedBy, lastModifiedDate, version) 
VALUES (6, 'Java Concurrency', 'Java', NULL, 'Sample article summary text bla bla bla ....', 3, 3, CURRENT_TIMESTAMP(), NULL, CURRENT_TIMESTAMP(), 0);

INSERT INTO ARTICLES (Id, title, category, author, summary, createdBy, createdByGroup, createdDate, lastModifiedBy, lastModifiedDate, version) 
VALUES (7, 'Java Concurrency', 'Java', NULL, 'Sample article summary text bla bla bla ....', 3, 1, CURRENT_TIMESTAMP(), NULL, CURRENT_TIMESTAMP(), 0);

INSERT INTO ARTICLES (Id, title, category, author, summary, createdBy, createdByGroup, createdDate, lastModifiedBy, lastModifiedDate, version) 
VALUES (8, 'Java Concurrency', 'Java', NULL, 'Sample article summary text bla bla bla ....', 3, 3, CURRENT_TIMESTAMP(), NULL, CURRENT_TIMESTAMP(), 0);

INSERT INTO ARTICLES (Id, title, category, author, summary, createdBy, createdByGroup, createdDate, lastModifiedBy, lastModifiedDate, version) 
VALUES (9, 'Java Concurrency', 'Java', NULL, 'Sample article summary text bla bla bla ....', 3, 1, CURRENT_TIMESTAMP(), NULL, CURRENT_TIMESTAMP(), 0);

INSERT INTO ARTICLES (Id, title, category, author, summary, createdBy, createdByGroup, createdDate, lastModifiedBy, lastModifiedDate, version) 
VALUES (10, 'Java Concurrency', 'Java', NULL, 'Sample article summary text bla bla bla ....', 3, 3, CURRENT_TIMESTAMP(), NULL, CURRENT_TIMESTAMP(), 0);

INSERT INTO ARTICLES (Id, title, category, author, summary, createdBy, createdByGroup, createdDate, lastModifiedBy, lastModifiedDate, version) 
VALUES (11, 'Java Concurrency', 'Java', NULL, 'Sample article summary text bla bla bla ....', 3, 1, CURRENT_TIMESTAMP(), NULL, CURRENT_TIMESTAMP(), 0);




INSERT INTO CITATIONS (Id, title, link, citationtype, createdBy, createdDate, lastModifiedBy, lastModifiedDate, version) 
values (1, 'Java 101', NULL, 'ARTICLE', 2, CURRENT_TIMESTAMP(), NULL, CURRENT_TIMESTAMP(), 0);

INSERT INTO CITATIONS (Id, title, link, citationtype, createdBy, createdDate, lastModifiedBy, lastModifiedDate, version) 
values (2, 'Java: A Beginner''s Guide, 7th Edition', NULL, 'BOOK', 2, CURRENT_TIMESTAMP(), NULL, CURRENT_TIMESTAMP(), 0);

INSERT INTO CITATIONS (Id, title, link, citationtype, createdBy, createdDate, lastModifiedBy, lastModifiedDate, version) 
values (3, 'Java: An Expert''s Guide, 8th Edition', 'http://www.java.com', 'BOOK', 2, CURRENT_TIMESTAMP(), NULL, CURRENT_TIMESTAMP(), 0);

INSERT INTO CITATIONS (Id, title, link, citationtype, createdBy, createdDate, lastModifiedBy, lastModifiedDate, version) 
values (4, 'Java:  Professional Guide, 9th Edition', 'http://www.java.com', 'BOOK', 2, CURRENT_TIMESTAMP(), NULL, CURRENT_TIMESTAMP(), 0);

INSERT INTO CITATIONS (Id, title, link, citationtype, createdBy, createdDate, lastModifiedBy, lastModifiedDate, version) 
values (5, 'Java:  Professional Guide, 10th Edition', 'http://www.java.com', 'BOOK', 2, CURRENT_TIMESTAMP(), NULL, CURRENT_TIMESTAMP(), 0);

INSERT INTO CITATIONS (Id, title, link, citationtype, createdBy, createdDate, lastModifiedBy, lastModifiedDate, version) 
values (6, 'Java:  Professional Guide, 11th Edition', 'http://www.java.com', 'BOOK', 2, CURRENT_TIMESTAMP(), NULL, CURRENT_TIMESTAMP(), 0);

INSERT INTO CITATIONS (Id, title, link, citationtype, createdBy, createdDate, lastModifiedBy, lastModifiedDate, version) 
values (7, 'Java:  Professional Guide, 10th Edition', 'http://www.java.com', 'BOOK', 2, CURRENT_TIMESTAMP(), NULL, CURRENT_TIMESTAMP(), 0);

INSERT INTO CITATIONS (Id, title, link, citationtype, createdBy, createdDate, lastModifiedBy, lastModifiedDate, version) 
values (8, 'Java:  Professional Guide, 11th Edition', 'http://www.java.com', 'BOOK', 2, CURRENT_TIMESTAMP(), NULL, CURRENT_TIMESTAMP(), 0);

INSERT INTO CITATIONS (Id, title, link, citationtype, createdBy, createdDate, lastModifiedBy, lastModifiedDate, version) 
values (9, 'Java:  Professional Guide, 10th Edition', 'http://www.java.com', 'BOOK', 2, CURRENT_TIMESTAMP(), NULL, CURRENT_TIMESTAMP(), 0);

INSERT INTO CITATIONS (Id, title, link, citationtype, createdBy, createdDate, lastModifiedBy, lastModifiedDate, version) 
values (10, 'Java:  Professional Guide, 11th Edition', 'http://www.java.com', 'BOOK', 2, CURRENT_TIMESTAMP(), NULL, CURRENT_TIMESTAMP(), 0);

INSERT INTO CITATIONS (Id, title, link, citationtype, createdBy, createdDate, lastModifiedBy, lastModifiedDate, version) 
values (11, 'Java:  Professional Guide, 11th Edition', 'http://www.java.com', 'BOOK', 2, CURRENT_TIMESTAMP(), NULL, CURRENT_TIMESTAMP(), 0);


INSERT INTO ARTICLE_CITATION (article_id, citation_id) 
values (1, 1);
INSERT INTO ARTICLE_CITATION (article_id, citation_id) 
values (1, 2);
INSERT INTO ARTICLE_CITATION (article_id, citation_id) 
values (1, 3);
INSERT INTO ARTICLE_CITATION (article_id, citation_id) 
values (1, 4);
INSERT INTO ARTICLE_CITATION (article_id, citation_id) 
values (1, 5);
INSERT INTO ARTICLE_CITATION (article_id, citation_id) 
values (1, 6);
INSERT INTO ARTICLE_CITATION (article_id, citation_id) 
values (1, 7);
INSERT INTO ARTICLE_CITATION (article_id, citation_id) 
values (1, 8);
INSERT INTO ARTICLE_CITATION (article_id, citation_id) 
values (1, 9);
INSERT INTO ARTICLE_CITATION (article_id, citation_id) 
values (1, 10);
INSERT INTO ARTICLE_CITATION (article_id, citation_id) 
values (1, 11);


INSERT INTO ARTICLECOMMENTS (id, article_id, comment, createdBy, createdDate, lastModifiedBy, lastModifiedDate, version) 
values (1, 1, 'Great Article!', 2, CURRENT_TIMESTAMP(), NULL, CURRENT_TIMESTAMP(), 0);
INSERT INTO ARTICLECOMMENTS (id, article_id, comment, createdBy, createdDate, lastModifiedBy, lastModifiedDate, version) 
values (2, 1, 'Was fun reading it!', 2, CURRENT_TIMESTAMP(), NULL, CURRENT_TIMESTAMP(), 0);


-- Anonymous user 
INSERT INTO users (id, username, password, passwordExpirationDate, enabled, createdDate, lastModifiedDate, version)
  values (1,'anonymousUser',
    '$2a$10$8.UnVuG9HHgffUDAlk8qfOuVGkqRzgVymGe07xd00DMxs.AQubh4a',
    DATEADD(DAY, 1000, current_timestamp()), 1, current_timestamp(), current_timestamp(), 0);

-- User admin/pass
INSERT INTO users (id, username, password, passwordExpirationDate, enabled, createdDate, lastModifiedDate, version)
  values (2,'admin',
    '$2a$10$8.UnVuG9HHgffUDAlk8qfOuVGkqRzgVymGe07xd00DMxs.AQubh4a',
    DATEADD(DAY, 1, current_timestamp()), 1, current_timestamp(), current_timestamp(), 0);

-- User user/pass
INSERT INTO users (id, username, password, passwordExpirationDate, enabled, createdDate, lastModifiedDate, version)
  values (3,'user',
    '$2a$10$8.UnVuG9HHgffUDAlk8qfOuVGkqRzgVymGe07xd00DMxs.AQubh4a',
    DATEADD(DAY, 1, current_timestamp()), 1, current_timestamp(), current_timestamp(), 0);
    
-- User userA/pass
INSERT INTO users (id, username, password, passwordExpirationDate, enabled, createdDate, lastModifiedDate, version)
  values (4,'userA',
    '$2a$10$8.UnVuG9HHgffUDAlk8qfOuVGkqRzgVymGe07xd00DMxs.AQubh4a',
    DATEADD(DAY, 1, current_timestamp()), 1, current_timestamp(), current_timestamp(), 0);
    
-- User userB/pass
INSERT INTO users (id, username, password, passwordExpirationDate, enabled, createdDate, lastModifiedDate, version)
  values (5,'userB',
    '$2a$10$8.UnVuG9HHgffUDAlk8qfOuVGkqRzgVymGe07xd00DMxs.AQubh4a',
    DATEADD(DAY, 1, current_timestamp()), 1, current_timestamp(), current_timestamp(), 0);
/*    
INSERT INTO authorities (username, authority)
  values ('user', 'ROLE_USER');
INSERT INTO authorities (username, authority)
  values ('anonymousUser', 'ROLE_ANONYMOUS');
  */
  
 INSERT INTO roles (id, name, createdDate, lastModifiedDate, version, hierarchyOrder) 
 VALUES 
(1, 'ROLE_ADMIN', current_timestamp(), current_timestamp(), 0, 3),
(2, 'ROLE_ANONYMOUS', current_timestamp(), current_timestamp(), 0, 0),
(3, 'ROLE_USER', current_timestamp(), current_timestamp(), 0, 1),
(4, 'ROLE_MANAGER', current_timestamp(), current_timestamp(), 0, 2);

insert into user_role(user_id, role_id) values
(1,2), -- anonymous user has role Anonymous
(2,1), -- admin user has role ADMIN
(3,3), -- user user has role USER
(4,3), -- user userA has role USER
(5,3); -- user userB has role USER

 INSERT INTO groups (id, name, createdDate, lastModifiedDate, version) 
 VALUES 
(1, 'ADMINISTRATORS', current_timestamp(), current_timestamp(), 0),
(2, 'DESIGNERS', current_timestamp(), current_timestamp(), 0),
(3, 'AUTHORS', current_timestamp(), current_timestamp(), 0);

insert into user_group(user_id, group_id) values
(1,2),
(2,1),
(3,1),
(4,3),
(5,3); 

insert into entityAccess(id, name, createdDate, lastModifiedDate, version)
values
(1, 'Article', current_timestamp, current_timestamp, 0),
(2, 'User', current_timestamp, current_timestamp, 0),
(3, 'Group', current_timestamp, current_timestamp, 0),
(4, 'Role', current_timestamp, current_timestamp, 0),
(5, 'ActivityLogDetail', current_timestamp, current_timestamp, 0),
(6, 'EntityAccess', current_timestamp, current_timestamp, 0);

insert into role_entityAccess (id, role_id, entityAccess_id, readAccess, createAccess, updateAccess,
  deleteAccess, createdDate, lastModifiedDate, isDeleted, version)
values
(1, 1, 1, 1, 1, 1, 1, current_timestamp, current_timestamp, 0, 0 ),
(2, 1, 2, 1, 1, 1, 1, current_timestamp, current_timestamp, 0, 0 ),
(3, 1, 3, 1, 1, 1, 1, current_timestamp, current_timestamp, 0, 0 ),
(4, 1, 4, 1, 1, 1, 1, current_timestamp, current_timestamp, 0, 0 ),
(5, 1, 5, 1, 1, 1, 1, current_timestamp, current_timestamp, 0, 0 ),
(6, 1, 6, 1, 1, 1, 1, current_timestamp, current_timestamp, 0, 0 ),

(7, 3, 1, 1, 0, 0, 0, current_timestamp, current_timestamp, 0, 0 ),
(8, 3, 2, 1, 0, 0, 0, current_timestamp, current_timestamp, 0, 0 ),
(9, 3, 3, 1, 0, 0, 0, current_timestamp, current_timestamp, 0, 0 ),
(10, 3, 4, 1, 0, 0, 0, current_timestamp, current_timestamp, 0, 0 ),
(11, 3, 5, 1, 0, 0, 0, current_timestamp, current_timestamp, 0, 0 ),
(12, 3, 6, 1, 1, 1, 1, current_timestamp, current_timestamp, 0, 0 );

insert into privilege(id,name, createdDate, lastModifiedDate, isDeleted, version)
values
(1, 'CREATE', current_timestamp, current_timestamp, 0, 0 ),
(2, 'READ', current_timestamp, current_timestamp, 0, 0 ),
(3, 'UPDATE', current_timestamp, current_timestamp, 0, 0 ),
(4, 'DELETE', current_timestamp, current_timestamp, 0, 0 ),
(5, 'CANCEL', current_timestamp, current_timestamp, 0, 0 ),
(6, 'SIGNUP', current_timestamp, current_timestamp, 0, 0 ),
(7, 'RETRIEVE REVISION CHANGES', current_timestamp, current_timestamp, 0, 0 ),
(8, 'SEARCH', current_timestamp, current_timestamp, 0, 0 );

--insert ROLE_USER CRUD PRIVILEGES
insert into roles_privileges(role_id, privilege_id)
values
(3, 1),
(3, 2),
(3, 3),
(3, 4),
(3, 5),
(2, 6),
(3, 7),
(3, 8),
(1, 1),
(1, 2),
(1, 3),
(1, 4),
(1, 5),
(1, 6),
(1, 7),
(1, 8);

  